tick,aep_active,aep_hyperactive,alpha_protein_gut,tau_protein_gut,alpha_cleaved_gut,tau_cleaved_gut,alpha_oligomer_gut,tau_oligomer_gut,barrier_impermeability,microbiota_good_bacteria_class,microbiota_pathogenic_bacteria_class,resting_microglia,active_microglia,healthy_neuron,damaged_neuron,dead_neuron,cleaved_alpha_syn_brain,alpha_syn_oligomer_brain,cleaved_tau_brain,tau_oligomer_brain,cytokine_pro_inflammatory,cytokine_non_inflammatory
1,50,0,300,300,0,0,0,0,50,26297,12045,50,0,300,0,0,0,0,0,0,0,0
2,50,0,300,300,0,0,0,0,50,21488,13391,50,0,300,0,0,0,0,0,0,0,0
3,48,2,299,300,2,0,0,0,48,18514,14613,50,0,300,0,0,0,0,0,0,0,0
4,48,2,298,299,4,2,0,0,48,16149,16187,50,0,300,0,0,0,0,0,0,0,0
5,47,3,297,297,6,6,0,0,47,14281,17358,50,0,300,0,0,0,0,0,0,0,0
6,47,3,295,297,10,6,0,0,47,11556,18830,50,0,300,0,0,0,0,0,0,0,0
7,47,3,294,297,12,6,0,0,47,9959,20102,50,0,300,0,0,0,0,0,0,0,0
8,47,3,293,297,14,6,0,0,47,8351,21624,50,0,300,0,0,0,0,0,0,0,0
9,46,4,293,296,14,8,0,0,46,7027,22936,50,0,300,0,0,0,0,0,0,0,0
10,46,4,293,294,14,12,0,0,46,5932,24107,50,0,300,0,0,0,0,0,0,0,0
11,46,4,293,294,14,12,0,0,46,5061,25468,50,0,300,0,0,0,0,0,0,0,0
12,46,4,293,294,14,12,0,0,46,4167,26993,50,0,300,0,0,0,0,0,0,0,0
13,44,6,293,293,14,14,0,0,44,3544,28448,50,0,300,0,0,0,0,0,0,0,0
14,44,6,292,293,16,14,0,0,44,2989,30091,50,0,300,0,0,0,0,0,0,0,0
15,43,7,292,293,16,14,0,0,43,2495,31289,50,0,300,0,0,0,0,0,0,0,0
16,43,7,290,293,20,14,0,0,43,2053,32207,50,0,300,0,0,0,0,0,0,0,0
17,43,7,288,291,24,18,0,0,43,1889,33677,50,0,300,0,0,0,0,0,0,0,0
18,43,7,287,291,26,18,0,0,43,1586,35311,50,0,300,0,0,0,0,0,0,0,0
19,42,8,286,290,28,20,0,0,42,1356,36592,50,0,300,0,0,0,0,0,0,0,0
20,42,8,285,290,30,20,0,0,42,1152,38505,50,0,300,0,0,0,0,0,0,0,0
21,41,9,285,290,30,20,0,0,41,1000,39899,50,0,300,0,0,0,0,0,0,0,0
22,41,9,283,290,34,20,0,0,41,861,41270,50,0,300,0,0,0,0,0,0,0,0
23,40,10,281,289,38,22,0,0,40,715,42809,50,0,300,0,0,0,0,0,0,0,0
24,40,10,280,288,40,24,0,0,40,591,43888,50,0,300,0,0,0,0,0,0,0,0
25,40,10,279,288,42,24,0,0,40,506,45395,50,0,300,0,0,0,0,0,0,0,0
26,40,10,278,287,44,26,0,0,40,436,47267,50,0,300,0,0,0,0,0,0,0,0
27,40,10,278,287,44,26,0,0,40,348,48859,50,0,300,0,0,0,0,0,0,0,0
28,40,10,278,287,44,26,0,0,40,290,49967,50,0,300,0,0,0,0,0,0,0,0
29,39,11,278,285,44,30,0,0,39,238,51521,50,0,300,0,0,0,0,0,0,0,0
30,39,11,278,285,44,30,0,0,39,205,52647,50,0,300,0,0,0,0,0,0,0,0
31,37,13,278,284,44,32,0,0,37,178,53817,50,0,300,0,0,0,0,0,0,0,0
32,37,13,273,284,54,32,0,0,37,158,55352,50,0,300,0,0,0,0,0,0,0,0
33,37,13,271,283,58,34,0,0,37,145,56488,50,0,300,0,0,0,0,0,0,0,0
34,37,13,271,282,58,36,0,0,37,137,58264,50,0,300,0,0,0,0,0,0,0,0
35,35,15,270,282,60,36,0,0,35,115,59871,50,0,300,0,0,0,0,0,0,0,0
36,35,15,270,281,60,38,0,0,35,99,61596,50,0,300,0,0,0,0,0,0,0,0
37,34,16,269,280,62,40,0,0,34,88,63131,50,0,300,0,0,0,0,0,0,0,0
38,34,16,268,280,64,40,0,0,34,80,64895,50,0,300,0,0,0,0,0,0,0,0
39,34,16,267,279,66,42,0,0,34,68,66827,50,0,300,0,0,0,0,0,0,0,0
40,34,16,265,279,70,42,0,0,34,61,68319,50,0,300,0,0,0,0,0,0,0,0
41,33,17,265,279,70,42,0,0,33,57,69930,50,0,300,0,0,0,0,0,0,0,0
42,33,17,262,279,76,42,0,0,33,51,70861,50,0,300,0,0,0,0,0,0,0,0
43,32,18,262,275,76,50,0,0,32,47,72391,50,0,300,0,0,0,0,0,0,0,0
44,32,18,261,274,78,52,0,0,32,43,73938,50,0,300,0,0,0,0,0,0,0,0
45,30,20,258,274,84,52,0,0,30,42,75306,50,0,300,0,0,0,0,0,0,0,0
46,30,20,256,273,88,54,0,0,30,42,76287,50,0,300,0,0,0,0,0,0,0,0
47,30,20,254,272,92,56,0,0,30,41,77166,50,0,300,0,0,0,0,0,0,0,0
48,30,20,252,269,96,62,0,0,30,39,78386,50,0,300,0,0,0,0,0,0,0,0
49,28,22,252,268,96,64,0,0,28,38,79623,50,0,300,0,0,0,0,0,0,0,0
50,28,22,250,267,100,66,0,0,28,4815,72739,50,0,300,0,0,0,0,0,0,0,0
51,26,24,249,267,102,66,0,0,26,8517,67015,50,0,300,0,0,0,0,0,0,0,0
52,26,24,249,266,102,68,0,0,26,11924,62353,50,0,300,0,0,0,0,0,0,0,0
53,26,24,249,263,102,74,0,0,26,14646,57627,50,0,300,0,0,0,0,0,0,0,0
54,26,24,247,260,106,80,0,0,26,17740,53202,50,0,300,0,0,0,0,0,0,0,0
55,24,26,244,260,112,80,0,0,24,19460,46381,50,0,300,0,0,0,0,0,0,0,0
56,24,26,243,258,114,84,0,0,24,21238,43298,50,0,300,0,0,0,0,0,0,0,0
57,24,26,242,258,116,84,0,0,24,21917,38332,50,0,300,0,0,0,0,0,0,0,0
58,24,26,241,257,118,86,0,0,24,24579,33734,50,0,300,0,0,0,0,0,0,0,0
59,22,28,238,256,124,88,0,0,22,25143,29322,50,0,300,0,0,0,0,0,0,0,0
60,22,28,238,254,124,92,0,0,22,23798,26046,50,0,300,0,0,0,0,0,0,0,0
61,21,29,237,253,126,94,0,0,21,25182,23237,50,0,300,0,0,0,0,0,0,0,0
62,21,29,236,250,128,100,0,0,21,25726,22555,50,0,300,0,0,0,0,0,0,0,0
63,21,29,236,247,128,106,0,0,21,26969,22089,50,0,300,0,0,0,0,0,0,0,0
64,21,29,235,244,130,112,0,0,21,27272,21537,50,0,300,0,0,0,0,0,0,0,0
65,21,29,235,244,130,112,0,0,21,28242,20409,50,0,300,0,0,0,0,0,0,0,0
66,21,29,235,243,130,114,0,0,21,28615,18637,50,0,300,0,0,0,0,0,0,0,0
67,21,29,234,242,132,116,0,0,21,27793,17593,50,0,300,0,0,0,0,0,0,0,0
68,21,29,234,242,132,116,0,0,21,27755,16848,50,0,300,0,0,0,0,0,0,0,0
69,21,29,234,242,132,116,0,0,22,27804,16312,50,0,300,0,0,0,0,0,0,0,0
70,21,29,234,241,132,118,0,0,22,30583,15716,50,0,300,0,0,0,0,0,0,0,0
71,21,29,233,241,134,118,0,0,23,30135,14261,50,0,300,0,0,0,0,0,0,0,0
72,21,29,232,237,136,126,0,0,23,30777,14103,50,0,300,0,0,0,0,0,0,0,0
73,21,29,232,235,136,130,0,0,23,29256,14240,50,0,300,0,0,0,0,0,0,0,0
74,21,29,231,232,138,136,0,0,23,28354,14173,50,0,300,0,0,0,0,0,0,0,0
75,21,29,229,229,142,142,0,0,24,29512,13056,50,0,300,0,0,0,0,0,0,0,0
76,21,29,229,227,142,146,0,0,24,28120,13211,50,0,300,0,0,0,0,0,0,0,0
77,21,29,229,224,142,152,0,0,25,29114,13213,50,0,300,0,0,0,0,0,0,0,0
78,21,29,227,221,146,158,0,0,25,29256,13601,50,0,300,0,0,0,0,0,0,0,0
79,21,29,226,220,148,160,0,0,25,28790,13156,50,0,300,0,0,0,0,0,0,0,0
80,21,29,226,220,148,160,0,0,25,30404,12036,50,0,300,0,0,0,0,0,0,0,0
81,21,29,225,220,150,160,0,0,26,29666,12373,50,0,300,0,0,0,0,0,0,0,0
82,21,29,224,220,152,160,0,0,26,28474,12316,50,0,300,0,0,0,0,0,0,0,0
83,21,29,224,219,152,162,0,0,26,26936,11997,50,0,300,0,0,0,0,0,0,0,0
84,21,29,224,219,152,162,0,0,26,26604,11742,50,0,300,0,0,0,0,0,0,0,0
85,21,29,223,218,154,164,0,0,26,27688,11760,50,0,300,0,0,0,0,0,0,0,0
86,21,29,223,216,154,168,0,0,26,29235,11213,50,0,300,0,0,0,0,0,0,0,0
87,21,29,221,215,158,170,0,0,26,28026,11020,50,0,300,0,0,0,0,0,0,0,0
88,21,29,219,215,162,170,0,0,26,28907,10814,50,0,300,0,0,0,0,0,0,0,0
89,21,29,217,212,166,176,0,0,26,28071,10428,50,0,300,0,0,0,0,0,0,0,0
90,21,29,217,212,166,176,0,0,26,29183,10267,50,0,300,0,0,0,0,0,0,0,0
91,21,29,216,212,168,176,0,0,26,29189,10114,50,0,300,0,0,0,0,0,0,0,0
92,21,29,216,212,168,176,0,0,26,29920,10252,50,0,300,0,0,0,0,0,0,0,0
93,21,29,214,211,172,178,0,0,26,29013,10650,50,0,300,0,0,0,0,0,0,0,0
94,21,29,212,209,176,182,0,0,26,26587,10413,50,0,300,0,0,0,0,0,0,0,0
95,21,29,211,209,178,182,0,0,27,28181,10160,50,0,300,0,0,0,0,0,0,0,0
96,21,29,211,208,174,184,1,0,27,28230,10104,50,0,300,0,0,0,0,0,0,0,0
97,21,29,210,207,176,186,1,0,27,29246,10172,50,0,300,0,0,0,0,0,0,0,0
98,21,29,209,207,178,186,1,0,27,31220,10513,50,0,300,0,0,0,0,0,0,0,0
99,21,29,208,206,180,188,1,0,27,29338,10410,50,0,300,0,0,0,0,0,0,0,0
100,21,29,208,204,180,192,1,0,27,30968,10300,50,0,300,0,0,0,0,0,0,0,0
101,21,29,206,203,184,194,1,0,27,30678,10265,50,0,300,0,0,0,0,0,0,0,0
102,21,29,206,203,184,194,1,0,27,30922,9978,50,0,300,0,0,0,0,0,0,0,0
103,21,29,206,202,184,196,1,0,27,30464,10467,50,0,300,0,0,0,0,0,0,0,0
104,21,29,205,200,186,200,1,0,27,29426,9487,50,0,300,0,0,0,0,0,0,0,0
105,21,29,205,197,186,206,1,0,28,29753,9993,50,0,300,0,0,0,0,0,0,0,0
106,21,29,205,194,186,212,1,0,28,29630,9772,50,0,300,0,0,0,0,0,0,0,0
107,21,29,205,193,186,214,1,0,29,29793,9894,50,0,300,0,0,0,0,0,0,0,0
108,21,29,205,193,186,214,1,0,29,31576,9592,50,0,300,0,0,0,0,0,0,0,0
109,21,29,205,193,186,214,1,0,30,27293,10711,50,0,300,0,0,0,0,0,0,0,0
110,21,29,203,192,190,216,1,0,30,24120,11621,50,0,300,0,0,0,0,0,0,0,0
111,21,29,203,190,190,220,1,0,30,20060,13502,50,0,300,0,0,0,0,0,0,0,0
112,21,29,203,189,190,222,1,0,30,17117,15301,50,0,300,0,0,0,0,0,0,0,0
113,19,31,202,187,192,226,1,0,28,19400,14849,50,0,300,0,0,0,0,0,0,0,0
114,19,31,202,184,192,232,1,0,28,23795,14587,50,0,300,0,0,0,0,0,0,0,0
115,19,31,200,184,196,232,1,0,28,24855,13416,50,0,300,0,0,0,0,0,0,0,0
116,19,31,198,184,200,232,1,0,28,26657,12216,50,0,300,0,0,0,0,0,0,0,0
117,19,31,198,182,200,236,1,0,28,25631,11453,50,0,300,0,0,0,0,0,0,0,0
118,19,31,198,182,200,236,1,0,28,26979,11062,50,0,300,0,0,0,0,0,0,0,0
119,19,31,197,182,202,236,1,0,28,27496,11085,50,0,300,0,0,0,0,0,0,0,0
120,19,31,196,181,204,238,1,0,28,27578,11164,50,0,300,0,0,0,0,0,0,0,0
121,19,31,195,181,206,238,1,0,28,28086,11561,50,0,300,0,0,0,0,0,0,0,0
122,19,31,195,180,206,240,1,0,28,29373,11618,50,0,300,0,0,0,0,0,0,0,0
123,19,31,194,180,208,240,1,0,28,30389,10906,50,0,300,0,0,0,0,0,0,0,0
124,19,31,192,178,212,244,1,0,28,33327,10994,50,0,300,0,0,0,0,0,0,0,0
125,19,31,192,178,212,244,1,0,29,33243,10738,50,0,300,0,0,0,0,0,0,0,0
126,19,31,191,176,214,248,1,0,29,34360,10643,50,0,300,0,0,0,0,0,0,0,0
127,19,31,191,176,214,244,1,1,29,36499,10820,50,0,300,0,0,0,0,0,0,0,0
128,19,31,191,176,214,244,1,1,29,35521,10952,50,0,300,0,0,0,0,0,0,0,0
129,19,31,190,175,216,246,1,1,29,35035,10856,50,0,300,0,0,0,0,0,0,0,0
130,19,31,189,174,218,248,1,1,29,34368,10266,50,0,300,0,0,0,0,0,0,0,0
131,19,31,188,172,220,252,1,1,29,33701,10685,50,0,300,0,0,0,0,0,0,0,0
132,19,31,188,172,220,252,1,1,29,33717,11269,50,0,300,0,0,0,0,0,0,0,0
133,19,31,188,171,220,254,1,1,30,34719,11418,50,0,300,0,0,0,0,0,0,0,0
134,19,31,187,171,222,254,1,1,30,28562,13068,50,0,300,0,0,0,0,0,0,0,0
135,18,32,186,169,224,258,1,1,29,24470,14739,50,0,300,0,0,0,0,0,0,0,0
136,18,32,186,169,224,258,1,1,29,26098,14581,50,0,300,0,0,0,0,0,0,0,0
137,18,32,185,169,226,258,1,1,30,22596,16083,50,0,300,0,0,0,0,0,0,0,0
138,18,32,182,169,232,258,1,1,30,19290,17422,50,0,300,0,0,0,0,0,0,0,0
139,17,33,182,168,232,260,1,1,29,20989,17024,50,0,300,0,0,0,0,0,0,0,0
140,17,33,179,168,238,260,1,1,29,22602,16137,50,0,300,0,0,0,0,0,0,0,0
141,17,33,175,166,246,264,1,1,29,23548,15628,50,0,300,0,0,0,0,0,0,0,0
142,17,33,174,165,248,266,1,1,29,23280,15141,50,0,300,0,0,0,0,0,0,0,0
143,17,33,174,165,248,266,1,1,30,26505,15272,50,0,300,0,0,0,0,0,0,0,0
144,17,33,173,165,250,266,1,1,30,21795,16523,50,0,300,0,0,0,0,0,0,0,0
145,17,33,171,164,254,268,1,1,30,17611,17825,50,0,300,0,0,0,0,0,0,0,0
146,17,33,171,164,254,268,1,1,30,14773,19110,50,0,300,0,0,0,0,0,0,0,0
147,16,34,170,163,256,270,1,1,29,12681,20308,50,0,300,0,0,0,0,0,0,0,0
148,16,34,169,161,258,274,1,1,29,16406,19864,50,0,300,0,0,0,0,0,0,0,0
149,14,36,167,161,262,274,1,1,27,18555,18184,50,0,300,0,0,0,0,0,0,0,0
150,14,36,165,160,266,276,1,1,27,21728,16569,50,0,300,0,0,0,0,0,0,0,0
151,13,37,163,157,270,282,1,1,26,24191,15635,50,0,300,0,0,0,0,0,0,0,0
152,13,37,162,157,272,282,1,1,26,26599,14567,50,0,300,0,0,0,0,0,0,0,0
153,13,37,161,157,274,282,1,1,27,25685,13499,50,0,300,0,0,0,0,0,0,0,0
154,13,37,158,157,280,282,1,1,27,26844,13289,50,0,300,0,0,0,0,0,0,0,0
155,13,37,157,154,282,288,1,1,28,27585,13633,50,0,300,0,0,0,0,0,0,0,0
156,13,37,155,154,282,288,2,1,28,26467,13131,50,0,300,0,0,0,0,0,0,0,0
157,13,37,154,154,284,288,2,1,29,28487,12771,50,0,300,0,0,0,0,0,0,0,0
158,13,37,154,153,284,290,2,1,29,30108,12529,50,0,300,0,0,0,0,0,0,0,0
159,13,37,151,152,290,292,2,1,30,23596,13961,50,0,300,0,0,0,0,0,0,0,0
160,13,37,150,151,292,294,2,1,30,19932,15427,50,0,300,0,0,0,0,0,0,0,0
161,13,37,149,150,294,296,2,1,30,17364,16697,50,0,300,0,0,0,0,0,0,0,0
162,13,37,149,150,294,296,2,1,30,14031,18197,50,0,300,0,0,0,0,0,0,0,0
163,11,39,149,148,294,300,2,1,28,17214,16589,50,0,300,0,0,0,0,0,0,0,0
164,11,39,149,147,294,302,2,1,28,19626,16455,50,0,300,0,0,0,0,0,0,0,0
165,9,41,149,146,294,304,2,1,26,19886,15303,50,0,300,0,0,0,0,0,0,0,0
166,9,41,149,145,290,306,2,1,26,23851,14562,50,0,300,0,0,0,1,0,0,0,0
167,8,42,147,145,294,306,2,1,25,23941,13764,50,0,300,0,0,0,1,0,0,0,0
168,8,42,145,144,298,308,2,1,25,24790,13588,50,0,300,0,0,0,1,0,0,0,0
169,8,42,145,142,298,312,2,1,26,25321,13313,50,0,300,0,0,0,1,0,0,0,0
170,8,42,143,141,302,314,2,1,26,25918,13063,50,0,300,0,0,0,1,0,0,0,0
171,8,42,143,141,302,314,2,1,26,25142,12862,50,0,300,0,0,0,1,0,0,0,0
172,8,42,142,140,304,316,2,1,26,27663,12643,50,0,300,0,0,0,1,0,0,0,0
173,8,42,142,139,304,318,2,1,27,28923,13419,50,0,300,0,0,0,1,0,0,0,0
174,8,42,140,139,308,318,2,1,27,28045,13552,50,0,300,0,0,0,1,0,0,0,0
175,8,42,139,137,310,322,2,1,28,27465,13604,50,0,300,0,0,0,1,0,0,0,0
176,8,42,138,136,307,324,3,1,28,28048,13008,50,0,300,0,0,0,1,0,0,0,0
177,8,42,135,136,313,324,3,1,28,29553,12766,50,0,300,0,0,0,1,0,0,0,0
178,8,42,135,136,313,324,3,1,28,28300,11854,50,0,300,0,0,0,1,0,0,0,0
179,8,42,134,134,315,328,3,1,29,28112,11655,50,0,300,0,0,0,1,0,0,0,0
180,8,42,134,134,315,328,3,1,29,26909,11593,50,0,300,0,0,0,1,0,0,0,0
181,8,42,134,134,315,328,3,1,30,26862,11663,50,0,300,0,0,0,1,0,0,0,0
182,8,42,134,134,311,328,4,1,30,22626,13115,50,0,300,0,0,0,1,0,0,0,0
183,7,43,132,133,315,330,4,1,29,23966,13062,50,0,300,0,0,0,1,0,0,0,0
184,7,43,131,133,317,330,4,1,29,26318,13013,50,0,300,0,0,0,1,0,0,0,0
185,7,43,130,131,319,334,4,1,29,25753,11843,50,0,300,0,0,0,1,0,0,0,0
186,7,43,130,130,314,336,5,1,29,27197,11532,50,0,300,0,0,0,1,0,0,0,0
187,7,43,130,129,314,338,5,1,30,22725,12411,50,0,300,0,0,0,1,0,0,0,0
188,7,43,130,127,314,342,5,1,30,18949,13665,50,0,300,0,0,0,1,0,0,0,0
189,6,44,126,125,322,346,5,1,29,21347,12465,50,0,300,0,0,0,1,0,0,0,0
190,6,44,126,124,322,348,5,1,29,23490,12185,50,0,300,0,0,0,1,0,0,0,0
191,6,44,124,124,326,348,5,1,30,20450,13203,50,0,300,0,0,0,1,0,0,0,0
192,6,44,121,124,332,338,5,3,30,17433,14583,50,0,300,0,0,0,1,0,0,0,0
193,6,44,121,123,332,340,5,3,30,13898,15921,50,0,300,0,0,0,1,0,0,0,0
194,6,44,121,122,332,342,5,3,30,11703,17357,50,0,300,0,0,0,1,0,0,0,0
195,6,44,120,122,334,342,5,3,30,9782,18906,50,0,300,0,0,0,1,0,0,0,0
196,6,44,120,121,330,340,6,4,30,8417,20116,50,0,300,0,0,0,1,0,0,0,0
197,5,45,119,121,332,340,6,4,29,12320,18685,50,0,300,0,0,0,1,0,0,0,0
198,5,45,117,120,336,342,6,4,29,16664,17454,50,0,300,0,0,0,1,0,0,0,0
199,3,47,116,119,338,344,6,4,27,20866,16533,50,0,300,0,0,0,1,0,0,0,0
200,3,47,114,119,342,344,6,4,27,24416,16008,50,0,300,0,0,0,1,0,0,0,0
201,3,47,113,117,339,344,7,5,27,26359,14638,50,0,300,0,0,0,1,0,0,0,0
202,3,47,113,116,339,346,7,5,27,28791,14162,50,0,300,0,0,0,1,0,0,0,0
203,3,47,113,115,339,348,7,5,28,28370,13103,50,0,300,0,0,0,1,0,0,0,0
204,3,47,113,115,339,348,7,5,28,29850,12714,50,0,300,0,0,0,1,0,0,0,0
205,3,47,112,115,341,348,7,5,28,30071,11868,50,0,300,0,0,0,1,0,0,0,0
206,3,47,111,115,342,343,7,6,28,30197,11074,50,0,300,0,0,0,1,0,0,0,0
207,3,47,110,115,344,343,7,6,29,30944,11143,50,0,300,0,0,0,1,0,0,0,0
208,3,47,109,114,346,345,7,6,29,28630,10862,50,0,300,0,0,0,1,0,0,0,0
209,3,47,107,114,350,345,7,6,29,31296,10408,50,0,300,0,0,0,1,0,0,0,0
210,3,47,107,113,350,347,7,6,29,32829,9772,50,0,300,0,0,0,1,0,0,0,0
211,3,47,107,111,346,350,8,6,29,31442,9680,50,0,300,0,0,0,1,0,0,0,0
212,3,47,107,110,346,352,8,6,29,30442,9347,50,0,300,0,0,0,1,0,0,0,0
213,3,47,106,109,348,354,8,6,29,29950,8921,50,0,300,0,0,0,1,0,0,0,0
214,3,47,106,108,348,356,8,6,29,28085,9041,50,0,300,0,0,0,1,0,0,0,0
215,3,47,106,108,348,356,8,6,29,28218,9369,50,0,300,0,0,0,1,0,0,0,0
216,3,47,105,108,350,344,8,9,29,29320,9149,50,0,300,0,0,0,1,0,0,0,0
217,3,47,105,108,350,344,8,9,30,25189,10979,50,0,300,0,0,0,1,0,0,0,0
218,3,47,104,108,352,344,8,9,30,21340,12254,50,0,300,0,0,0,1,0,0,0,0
219,3,47,104,108,352,344,8,9,30,18395,13616,50,0,300,0,0,0,1,0,0,0,0
220,3,47,104,106,352,348,8,9,30,15631,14906,50,0,300,0,0,0,1,0,0,0,0
221,2,48,104,106,352,348,8,9,29,18159,13790,50,0,300,0,0,0,1,0,0,0,0
222,2,48,102,103,352,350,9,10,29,20392,12837,50,0,300,0,0,0,1,0,0,0,0
223,2,48,100,103,356,350,9,10,29,22828,12359,50,0,300,0,0,0,1,0,0,0,0
224,2,48,100,102,356,352,9,10,29,26208,11902,50,0,300,0,0,0,1,0,0,0,0
225,2,48,99,102,358,352,9,10,29,28438,11686,50,0,300,0,0,0,1,0,0,0,0
226,2,48,99,100,358,356,9,10,29,28946,11329,50,0,300,0,0,0,1,0,0,0,0
227,2,48,97,98,354,360,10,10,29,29656,11304,50,0,300,0,0,0,2,0,0,0,0
228,2,48,97,97,354,362,10,10,29,31630,11593,50,0,300,0,0,0,2,0,0,0,0
229,2,48,97,96,354,364,10,10,30,31823,11670,50,0,300,0,0,0,2,0,0,0,0
230,2,48,97,96,354,364,10,10,30,26910,12798,50,0,300,0,0,0,2,0,0,0,0
231,2,48,94,96,360,360,10,11,31,22087,14073,50,0,300,0,0,0,2,0,0,0,0
232,2,48,94,96,360,360,10,11,31,17887,15490,50,0,300,0,0,0,2,0,0,0,0
233,2,48,93,93,362,366,10,11,31,14529,17234,49,1,300,0,0,0,2,0,0,1,0
234,2,48,92,93,364,366,10,11,31,12935,18472,49,1,0,300,0,147,2,153,0,2,0
235,2,48,91,91,366,370,10,11,31,11217,20007,49,1,0,0,300,147,2,153,0,3,0
236,2,48,91,91,366,370,10,11,31,9293,21405,49,1,0,0,300,147,1,153,0,3,1
237,1,49,91,91,354,361,13,13,30,8157,22849,49,1,0,0,300,147,1,153,0,4,1
238,1,49,90,89,356,365,13,13,30,7319,23994,49,1,0,0,300,147,1,153,0,5,1
239,0,50,90,89,356,365,13,13,28,6472,25453,49,1,0,0,300,147,1,153,0,5,2
240,0,50,90,88,356,367,13,13,28,11152,23732,49,1,0,0,300,147,1,153,0,5,3
241,0,50,90,88,348,358,15,15,28,14938,21852,49,1,0,0,300,147,1,153,0,5,4
242,0,50,89,88,350,358,15,15,28,17275,19806,49,1,0,0,300,147,1,153,0,6,4
243,0,50,89,88,350,358,14,15,27,20107,18118,48,2,0,0,300,147,2,153,0,7,5
244,0,50,87,88,354,358,14,15,27,22972,17035,48,2,0,0,300,147,2,153,0,7,7
245,0,50,87,88,354,358,14,15,25,24423,16355,48,2,0,0,300,147,2,153,0,7,9
246,0,50,87,88,354,358,14,15,25,23124,15341,48,2,0,0,300,147,2,153,0,8,10
247,0,50,86,87,356,354,14,16,24,22104,14495,47,3,0,0,300,147,2,153,0,9,12
248,0,50,86,85,356,358,14,16,24,23641,13884,47,3,0,0,300,147,2,153,0,11,13
249,0,50,85,85,358,358,14,16,22,23728,13381,47,3,0,0,300,147,2,153,0,13,14
250,0,50,85,85,358,358,14,16,22,25623,13608,47,3,0,0,300,147,2,153,0,14,16
251,0,50,85,85,358,358,14,16,22,24463,13213,45,5,0,0,300,147,2,153,0,16,19
252,0,50,84,85,360,354,14,17,22,25007,12176,45,5,0,0,300,147,2,153,0,18,22
253,0,50,84,84,360,356,14,17,22,26777,11381,43,7,0,0,300,147,2,153,0,22,25
254,0,50,83,83,362,358,14,17,22,27560,10601,43,7,0,0,300,147,2,153,0,27,27
255,0,50,81,82,366,360,14,17,23,28138,10931,43,7,0,0,300,147,2,153,0,33,28
256,0,50,80,82,364,360,15,16,23,28325,10304,41,9,0,0,300,147,2,153,1,38,32
257,0,50,80,80,364,364,15,16,24,28017,10770,41,9,0,0,300,147,2,153,1,45,34
258,0,50,80,79,364,366,15,16,24,29975,10553,40,10,0,0,300,147,2,153,1,52,37
259,0,50,80,79,364,366,15,16,24,29315,10435,40,10,0,0,300,147,2,153,1,55,44
260,0,50,79,78,366,368,15,16,24,29292,10454,38,12,0,0,300,147,2,153,1,60,51
261,0,50,78,78,368,368,15,16,24,30249,10917,37,13,0,0,300,147,2,153,1,65,59
262,0,50,78,78,368,368,15,16,24,31664,11817,38,12,0,0,300,147,2,153,1,70,66
263,0,50,78,77,368,370,15,15,25,31381,11633,38,12,0,0,300,147,2,153,2,75,73
264,0,50,77,77,370,370,15,15,25,31981,11267,38,12,0,0,300,147,2,153,2,83,77
265,0,50,77,77,370,370,15,15,26,32831,10837,38,12,0,0,300,147,2,153,2,84,88
266,0,50,77,76,370,372,15,15,26,34347,10907,38,12,0,0,300,147,2,153,2,93,91
267,0,50,77,75,361,374,17,15,26,34826,10644,38,12,0,0,300,147,2,153,2,98,98
268,0,50,76,75,363,374,17,15,26,33799,10578,38,12,0,0,300,147,2,153,2,104,104
269,0,50,76,75,363,374,17,15,26,34874,10559,38,12,0,0,300,147,2,153,2,109,111
270,0,50,76,75,363,374,17,15,26,35701,10842,38,12,0,0,300,147,2,153,2,114,118
271,0,50,76,75,363,374,17,15,26,34351,11200,37,13,0,0,300,147,2,153,2,116,129
272,0,50,75,75,365,374,17,15,26,34752,10658,36,14,0,0,300,147,2,153,2,126,133
273,0,50,75,73,365,378,17,15,26,33413,10507,35,15,0,0,300,147,2,153,2,136,138
274,0,50,75,73,365,378,17,15,26,32166,10926,35,15,0,0,300,147,2,153,2,143,146
275,0,50,74,73,367,378,17,15,27,32179,10829,35,15,0,0,300,147,2,153,2,149,155
276,0,50,74,72,363,380,18,15,27,29225,10874,34,16,0,0,300,147,2,153,2,153,167
277,0,50,74,71,363,382,18,15,27,30852,10650,32,18,0,0,300,147,2,153,2,160,178
278,0,50,73,71,365,382,17,15,27,31718,11116,33,17,0,0,300,147,3,153,2,170,185
279,0,50,73,70,365,384,17,15,28,31353,10899,32,18,0,0,300,147,3,153,2,178,195
280,0,50,72,69,367,386,17,15,28,30107,10949,31,19,0,0,300,147,3,153,2,190,202
281,0,50,72,68,367,388,17,15,28,28854,11606,30,20,0,0,300,147,3,153,1,200,212
282,0,50,72,68,363,388,18,15,28,28688,11254,30,20,0,0,300,147,3,153,1,208,224
283,0,50,71,68,365,388,18,15,28,29717,10956,29,21,0,0,300,147,3,153,1,216,237
284,0,50,71,68,365,388,18,15,28,29809,10402,29,21,0,0,300,147,3,153,1,226,248
285,0,50,71,66,365,392,18,15,29,30502,10510,30,20,0,0,300,147,3,153,1,238,256
286,0,50,71,66,364,388,18,16,29,30335,10529,27,23,0,0,300,147,3,153,1,253,264
287,0,50,69,66,368,388,18,16,29,31349,10560,29,21,0,0,300,147,3,153,1,262,276
288,0,50,69,66,368,388,18,16,29,30121,10686,29,21,0,0,300,147,3,153,1,275,284
289,0,50,69,65,368,390,18,16,29,28991,10443,28,22,0,0,300,147,3,153,1,287,294
290,0,50,69,64,368,392,18,16,29,29586,10137,28,22,0,0,300,147,3,153,1,294,309
291,0,50,69,64,368,387,18,17,29,27108,10870,28,22,0,0,300,147,3,153,1,305,320
292,0,50,69,64,368,387,18,17,29,26861,10655,27,23,0,0,300,147,3,153,1,320,328
293,0,50,69,64,368,387,18,17,29,27296,10515,27,23,0,0,300,147,3,153,1,334,337
294,0,50,69,64,368,387,18,17,29,30197,10640,24,26,0,0,300,147,3,153,1,348,349
295,0,50,68,64,370,387,18,17,29,31350,10858,25,25,0,0,300,147,3,153,1,363,359
296,0,50,67,64,371,387,18,17,29,32761,10675,27,23,0,0,300,147,3,153,1,375,370
297,0,50,67,64,371,387,17,17,30,27865,11894,25,25,0,0,300,147,4,153,1,387,383
298,0,50,66,63,373,389,17,17,30,23978,13144,25,25,0,0,300,147,4,153,1,396,399
299,0,50,66,63,373,389,17,17,31,20146,14563,23,27,0,0,300,147,4,153,1,412,410
300,0,50,65,62,375,391,16,17,31,16907,16090,20,30,0,0,300,147,5,153,1,428,424
301,0,50,64,61,361,392,18,17,31,14087,17318,19,31,0,0,300,147,7,153,1,440,443
302,0,50,63,61,363,392,18,17,31,12164,18690,20,30,0,0,300,147,7,153,1,459,454
303,0,50,63,60,363,394,18,17,30,10388,19873,21,29,0,0,300,147,7,153,1,475,467
304,0,50,63,60,363,394,18,17,30,8618,20920,21,29,0,0,300,147,7,153,1,492,479
305,0,50,62,60,365,394,18,17,29,6946,22923,21,29,0,0,300,147,7,153,1,505,495
306,0,50,62,60,365,394,18,17,29,9896,20283,22,28,0,0,300,147,7,153,1,519,509
307,0,50,61,60,363,390,19,18,29,13781,18553,24,26,0,0,300,147,6,153,1,533,521
308,0,50,61,60,363,390,19,18,29,17690,16763,24,26,0,0,300,147,6,153,1,540,540
309,0,50,61,60,363,390,19,18,29,20755,16220,28,22,0,0,300,147,6,153,1,547,555
310,0,50,61,60,363,390,19,18,29,24617,15626,26,24,0,0,300,147,6,153,1,561,565
311,0,50,60,60,365,390,19,18,27,24772,15318,26,24,0,0,300,147,6,153,1,578,572
312,0,50,59,58,367,393,19,18,27,25721,14361,29,21,0,0,300,147,6,153,1,589,582
313,0,50,59,58,367,393,19,18,27,26563,13199,30,20,0,0,300,147,6,153,1,601,590
314,0,50,59,58,367,393,19,18,27,30079,12732,31,19,0,0,300,147,6,153,1,609,601
315,0,50,58,56,369,397,19,18,27,30000,12382,29,21,0,0,300,147,6,153,1,622,609
316,0,50,58,55,365,399,20,18,27,30578,13068,28,22,0,0,300,147,6,153,1,636,617
317,0,50,57,55,367,399,20,18,28,31553,13276,28,22,0,0,300,147,6,153,1,648,627
318,0,50,57,55,367,399,20,18,28,32698,12863,28,22,0,0,300,147,6,153,1,660,637
319,0,50,56,55,369,399,20,18,29,34289,12201,28,22,0,0,300,147,6,153,1,673,646
320,0,50,55,53,371,403,20,18,29,29331,12135,28,22,0,0,300,147,6,153,1,685,656
321,0,50,55,52,371,405,19,18,29,29417,12156,29,21,0,0,300,147,7,153,1,698,664
322,0,50,53,52,371,404,20,18,29,30103,11585,29,21,0,0,300,147,7,153,1,706,677
323,0,50,53,52,371,404,20,18,30,25158,12765,30,20,0,0,300,147,7,153,1,712,691
324,0,50,53,52,371,404,20,18,30,21763,14204,30,20,0,0,300,147,7,153,1,725,698
325,0,50,53,51,371,406,20,18,28,17755,15859,24,26,0,0,300,147,7,153,1,738,711
326,0,50,53,51,369,404,20,18,28,18837,15390,27,23,0,0,300,147,7,153,1,750,722
327,0,50,52,51,371,404,20,18,27,21519,14442,27,23,0,0,300,147,7,153,1,761,734
328,0,50,52,51,371,404,19,18,27,23423,13888,27,23,0,0,300,147,8,153,1,770,748
329,0,50,52,51,371,404,19,18,27,25790,13295,28,22,0,0,300,147,8,153,1,778,762
330,0,50,52,51,371,404,19,18,27,26636,12960,29,21,0,0,300,147,8,153,1,784,777
331,0,50,52,51,371,404,19,18,27,27068,12267,31,19,0,0,300,147,8,153,1,790,790
332,0,50,52,50,371,406,19,18,27,26620,11320,31,19,0,0,300,147,8,153,1,801,798
333,0,50,52,50,371,406,19,18,28,28279,10949,28,22,0,0,300,147,8,153,1,814,807
334,0,50,52,49,371,408,19,18,28,27577,10333,26,24,0,0,300,147,8,153,1,831,814
335,0,50,52,48,371,410,19,18,28,28853,10076,26,24,0,0,300,147,8,153,1,841,828
336,0,50,52,47,371,412,19,18,28,30233,9550,28,22,0,0,300,147,8,153,1,852,839
337,0,50,52,44,367,410,20,20,28,31495,9856,28,22,0,0,300,147,8,153,1,860,853
338,0,50,51,43,369,412,20,20,28,30484,9868,29,21,0,0,300,147,8,153,1,869,865
339,0,50,50,42,371,414,20,20,29,28382,9738,29,21,0,0,300,147,8,153,1,880,875
340,0,50,50,42,371,414,20,20,29,28836,9406,28,22,0,0,300,147,8,153,1,890,887
341,0,50,50,42,371,414,20,20,29,28912,8833,30,20,0,0,300,147,8,153,1,901,896
342,0,50,49,42,369,414,21,20,29,27127,8584,30,20,0,0,300,147,8,149,2,913,904
343,0,50,49,42,369,414,21,20,30,27587,8694,27,23,0,0,300,147,8,149,2,929,911
344,0,50,49,41,369,416,21,20,30,23735,10466,26,24,0,0,300,147,8,149,2,942,922
345,0,50,49,41,369,416,21,20,30,19766,11813,24,26,0,0,300,147,8,149,2,956,934
346,0,50,49,40,369,418,21,20,30,15785,13138,23,27,0,0,300,147,8,149,2,972,945
347,0,50,49,40,369,416,21,20,30,13332,14363,24,26,0,0,300,147,7,149,2,985,958
348,0,50,49,40,369,416,21,20,30,11580,15147,23,27,0,0,300,147,7,149,2,1001,969
349,0,50,48,39,371,418,21,20,28,9540,16717,20,30,0,0,300,147,7,149,2,1010,990
350,0,50,48,39,371,418,21,20,28,12811,15448,20,30,0,0,300,147,7,149,2,1029,1001
351,0,50,48,39,371,418,21,20,28,15125,14132,21,29,0,0,300,147,7,149,2,1044,1015
352,0,50,48,39,366,418,22,20,28,16796,13551,20,30,0,0,300,147,7,149,2,1061,1028
353,0,50,48,39,366,418,22,20,26,19647,12931,20,30,0,0,300,147,7,149,2,1081,1038
354,0,50,48,39,366,418,22,20,26,20869,13537,21,29,0,0,300,147,7,149,2,1093,1055
355,0,50,47,38,368,420,22,20,25,22018,13292,22,28,0,0,300,147,7,149,2,1106,1070
356,0,50,46,38,370,408,22,23,25,25052,12103,23,27,0,0,300,147,7,149,2,1125,1078
357,0,50,46,38,370,408,22,23,25,26791,12040,24,26,0,0,300,147,7,149,2,1135,1094
358,0,50,46,38,370,408,22,23,25,27335,11053,24,26,0,0,300,147,7,149,2,1146,1109
359,0,50,46,38,370,408,22,22,26,28003,11301,26,24,0,0,300,147,7,149,3,1160,1119
360,0,50,45,38,372,408,22,22,26,29424,10629,26,24,0,0,300,147,7,149,3,1174,1129
361,0,50,45,38,372,408,22,22,27,31509,10645,29,21,0,0,300,147,7,149,3,1183,1141
362,0,50,43,38,376,404,22,23,27,31408,10341,29,21,0,0,300,147,7,149,3,1199,1146
363,0,50,42,38,378,404,22,23,28,30903,11204,28,22,0,0,300,147,7,149,3,1214,1153
364,0,50,41,38,380,404,22,23,28,31703,10855,27,23,0,0,300,147,7,149,3,1223,1167
365,0,50,41,38,380,404,22,23,29,30401,11094,26,24,0,0,300,147,7,149,3,1239,1175
366,0,50,41,37,380,406,22,23,29,32004,11149,28,22,0,0,300,147,7,149,3,1253,1183
367,0,50,41,37,380,402,22,24,29,31151,10873,28,22,0,0,300,147,7,149,3,1263,1195
368,0,50,41,37,380,402,22,24,29,31576,10649,29,21,0,0,300,147,7,149,3,1275,1204
369,0,50,41,37,380,402,22,24,29,32465,10165,27,23,0,0,300,147,7,149,3,1286,1216
370,0,50,41,35,380,406,22,24,29,33047,9482,25,25,0,0,300,147,7,149,3,1299,1228
371,0,50,41,35,380,406,22,24,29,32865,9284,25,25,0,0,300,147,7,149,3,1307,1245
372,0,50,41,35,368,405,25,24,29,32250,9769,27,23,0,0,300,147,7,149,3,1318,1257
373,0,50,41,33,368,409,25,24,29,34308,9561,26,24,0,0,300,147,7,149,3,1333,1266
374,0,50,40,32,370,411,25,24,29,35517,10015,29,21,0,0,300,147,7,149,3,1344,1276
375,0,50,40,31,370,413,25,24,29,36758,9576,30,20,0,0,300,147,7,149,3,1355,1285
376,0,50,40,31,362,408,27,25,29,37422,9461,30,20,0,0,300,147,7,149,3,1367,1293
377,0,50,38,31,366,408,27,25,30,35449,9620,30,20,0,0,300,147,7,149,3,1382,1298
378,0,50,38,31,366,408,26,25,30,31464,11100,29,21,0,0,300,147,8,149,3,1395,1306
379,0,50,38,31,366,408,26,25,31,27929,12559,29,21,0,0,300,147,8,149,3,1406,1316
380,0,50,38,31,366,408,26,25,31,23930,14077,26,24,0,0,300,147,8,149,3,1418,1328
381,0,50,38,31,366,408,26,25,29,20837,15261,25,25,0,0,300,147,7,149,3,1433,1338
382,0,50,38,31,366,404,26,26,29,22542,15041,24,26,0,0,300,147,7,149,3,1447,1350
383,0,50,38,31,366,404,26,26,27,22812,14298,25,25,0,0,300,147,7,149,3,1461,1361
384,0,50,38,31,366,404,26,26,27,21307,14171,26,24,0,0,300,147,7,149,3,1471,1375
385,0,50,38,31,366,404,26,26,27,20482,13446,26,24,0,0,300,147,7,149,3,1487,1383
386,0,50,38,31,362,400,27,27,27,22908,13182,28,22,0,0,300,147,7,149,3,1498,1394
387,0,50,38,31,362,400,27,27,27,26080,12268,27,23,0,0,300,147,7,149,3,1509,1406
388,0,50,37,29,364,404,27,27,27,27659,11927,28,22,0,0,300,147,7,149,3,1520,1417
389,0,50,36,29,366,404,27,27,28,29707,11680,27,23,0,0,300,147,7,149,3,1533,1427
390,0,50,36,29,366,404,27,27,28,30352,11897,27,23,0,0,300,147,7,149,2,1544,1439
391,0,50,36,29,366,400,27,28,28,30638,11453,27,23,0,0,300,147,7,149,2,1557,1449
392,0,50,36,29,366,400,27,28,28,31349,11693,26,24,0,0,300,147,7,149,2,1566,1464
393,0,50,36,29,366,400,27,28,29,32844,11903,26,24,0,0,300,147,6,149,2,1575,1479
394,0,50,36,29,366,400,27,28,29,32487,11435,25,25,0,0,300,147,6,149,2,1591,1488
395,0,50,36,29,366,400,27,28,29,33626,10362,24,26,0,0,300,147,6,149,2,1607,1498
396,0,50,36,29,366,396,27,29,29,31595,10009,24,26,0,0,300,147,6,149,2,1620,1511
397,0,50,35,29,368,396,27,29,29,31112,9750,24,26,0,0,300,147,6,149,2,1633,1524
398,0,50,35,29,368,396,27,29,29,31429,9479,22,28,0,0,300,147,6,149,2,1647,1538
399,0,50,35,29,368,396,27,29,30,32921,9856,24,26,0,0,300,147,6,149,2,1659,1552
400,0,50,34,29,370,396,27,29,30,26207,11237,25,25,0,0,300,147,6,149,2,1670,1566
401,0,50,34,29,370,396,26,29,30,21763,12618,25,25,0,0,300,147,7,149,2,1685,1576
402,0,50,34,29,358,392,29,30,30,18645,13915,26,24,0,0,300,147,7,149,2,1696,1589
403,0,50,34,29,358,392,28,29,30,16131,15147,26,24,0,0,300,147,8,149,3,1709,1600
404,0,50,33,29,360,392,28,28,30,13673,16608,23,27,0,0,300,147,8,149,4,1722,1614
405,0,50,33,29,360,392,28,28,30,11327,18353,22,28,0,0,300,147,8,149,4,1735,1629
406,0,50,33,29,360,383,28,30,30,9928,20125,24,26,0,0,300,147,8,149,4,1751,1639
407,0,50,33,29,360,383,28,30,29,8500,21450,24,26,0,0,300,147,8,149,4,1766,1650
408,0,50,33,29,360,383,28,30,29,11790,19473,24,26,0,0,300,147,8,149,4,1778,1664
409,0,50,33,28,360,385,28,30,28,12298,18049,24,26,0,0,300,147,8,149,4,1793,1675
410,0,50,33,28,360,385,28,30,28,16261,16501,23,27,0,0,300,147,7,149,4,1809,1686
411,0,50,33,28,356,380,29,31,26,18439,15461,22,28,0,0,300,147,7,149,4,1821,1702
412,0,50,33,28,356,380,29,31,26,18263,14601,20,30,0,0,300,147,7,149,4,1832,1721
413,0,50,33,28,356,380,29,31,24,20367,13913,20,30,0,0,300,147,7,149,4,1850,1733
414,0,50,33,28,356,380,29,31,24,22702,13537,17,33,0,0,300,147,7,149,4,1866,1750
415,0,50,33,28,356,380,29,30,24,24202,12502,18,32,0,0,300,147,7,149,5,1886,1762
416,0,50,33,27,356,382,29,30,24,24773,12371,18,32,0,0,300,147,7,149,5,1902,1778
417,0,50,33,27,352,378,30,31,24,26653,11886,20,30,0,0,300,147,7,149,5,1912,1798
418,0,50,33,27,352,378,30,30,24,27235,10884,21,29,0,0,300,147,7,149,6,1927,1812
419,0,50,33,26,352,380,30,30,25,28894,9767,22,28,0,0,300,147,7,149,6,1943,1824
420,0,50,32,26,354,380,30,30,25,29380,10651,23,27,0,0,300,147,7,149,6,1960,1834
421,0,50,32,26,354,380,30,30,26,29969,10504,23,27,0,0,300,147,7,149,6,1973,1848
422,0,50,32,26,354,380,30,30,26,30954,10629,24,26,0,0,300,147,7,149,6,1987,1860
423,0,50,32,26,354,380,30,30,27,30703,11044,23,27,0,0,300,147,7,149,6,2001,1873
424,0,50,32,26,354,380,30,30,27,29054,10524,23,27,0,0,300,147,7,149,6,2011,1890
425,0,50,31,26,356,380,30,30,27,27523,10284,20,30,0,0,300,147,7,149,6,2026,1905
426,0,50,31,26,351,376,31,31,27,27968,10438,22,28,0,0,300,147,7,149,6,2037,1922
427,0,50,31,26,351,376,31,31,28,26646,9806,20,30,0,0,300,147,7,149,6,2050,1939
428,0,50,30,26,353,376,31,31,28,26389,9806,21,29,0,0,300,147,7,149,6,2063,1955
429,0,50,30,26,353,376,31,31,29,26625,9891,20,30,0,0,300,147,7,149,6,2078,1970
430,0,50,30,26,353,376,31,31,29,25982,8999,21,29,0,0,300,147,7,149,6,2095,1982
431,0,50,30,26,353,372,31,32,30,22378,10307,22,28,0,0,300,147,7,149,6,2112,1993
432,0,50,30,26,353,372,31,32,30,18490,11379,21,29,0,0,300,147,7,149,6,2126,2008
433,0,50,30,26,353,372,31,32,30,16397,12771,19,31,0,0,300,147,7,149,6,2136,2029
434,0,50,30,26,353,372,31,32,30,13208,13832,19,31,0,0,300,147,7,149,6,2151,2045
435,0,50,30,25,353,374,31,32,30,10725,15399,21,29,0,0,300,147,7,149,6,2166,2059
436,0,50,30,25,353,374,31,32,30,8765,17051,22,28,0,0,300,147,7,149,6,2180,2073
437,0,50,30,25,353,374,31,32,30,7161,18685,21,29,0,0,300,147,7,149,6,2190,2092
438,0,50,30,25,353,374,31,32,30,6080,19793,22,28,0,0,300,147,7,149,6,2200,2110
439,0,50,30,25,353,374,31,32,30,5037,21144,19,31,0,0,300,147,7,149,6,2216,2125
440,0,50,30,25,353,374,31,31,30,4452,22114,20,30,0,0,300,147,7,149,7,2230,2141
441,0,50,29,25,355,374,31,31,29,3942,23410,22,28,0,0,300,147,7,149,7,2245,2154
442,0,50,29,25,350,370,32,32,29,8223,20602,22,28,0,0,300,147,7,149,7,2261,2166
443,0,50,28,25,352,370,32,32,27,11500,19657,21,29,0,0,300,147,7,149,7,2276,2180
444,0,50,28,25,352,370,32,32,27,15511,19491,22,28,0,0,300,147,7,149,7,2290,2194
445,0,50,28,25,352,370,32,32,26,17874,18290,23,27,0,0,300,147,7,149,7,2305,2206
446,0,50,28,25,352,370,32,32,26,20679,18037,20,30,0,0,300,147,7,149,7,2320,2221
447,0,50,28,25,352,366,32,33,26,22519,17384,21,29,0,0,300,147,7,149,6,2334,2236
448,0,50,28,24,352,368,32,33,26,23561,16722,17,33,0,0,300,147,7,149,6,2344,2259
449,0,50,28,23,352,370,32,33,24,23845,15863,19,31,0,0,300,147,7,149,6,2359,2275
450,0,50,28,23,352,370,32,33,24,26744,15807,23,27,0,0,300,147,7,149,6,2369,2292
451,0,50,28,23,348,370,33,33,24,28816,15126,23,27,0,0,300,147,7,149,6,2381,2307
452,0,50,28,23,348,370,33,33,24,29786,14350,23,27,0,0,300,147,6,149,6,2394,2321
453,0,50,28,22,348,372,33,33,24,29464,13744,25,25,0,0,300,147,6,149,6,2408,2332
454,0,50,28,22,348,372,33,33,24,27154,12575,25,25,0,0,300,147,6,149,6,2419,2346
455,0,50,28,21,348,374,33,33,24,27308,12100,24,26,0,0,300,147,6,149,6,2433,2358
456,0,50,28,21,348,365,33,35,24,28908,11338,22,28,0,0,300,147,6,149,6,2443,2376
457,0,50,28,21,348,365,33,35,24,30194,11216,25,25,0,0,300,147,6,149,6,2455,2389
458,0,50,28,21,348,365,33,35,24,30593,10545,28,22,0,0,300,147,6,149,6,2464,2402
459,0,50,28,21,348,365,33,35,25,30317,10753,27,23,0,0,300,147,6,149,6,2475,2414
460,0,50,28,21,348,365,33,35,25,33439,10666,25,25,0,0,300,147,6,149,6,2489,2425
461,0,50,28,21,340,357,35,37,26,31898,11029,25,25,0,0,300,147,6,149,6,2502,2437
462,0,50,28,21,340,357,35,37,26,34371,11189,24,26,0,0,300,147,6,149,6,2518,2447
463,0,50,28,21,340,357,35,37,26,33932,11085,23,27,0,0,300,147,6,149,5,2534,2458
464,0,50,28,21,340,357,34,37,26,35055,11026,24,26,0,0,300,147,7,149,5,2548,2470
465,0,50,28,21,340,357,34,37,27,34181,10176,23,27,0,0,300,147,7,149,5,2563,2482
466,0,50,28,21,340,357,34,37,27,34914,10093,22,28,0,0,300,147,7,149,5,2578,2495
467,0,50,28,21,340,357,34,37,27,35256,9834,22,28,0,0,300,147,7,149,5,2590,2511
468,0,50,28,21,340,357,34,37,27,36876,9706,20,30,0,0,300,147,7,149,5,2609,2522
469,0,50,28,21,340,357,34,37,28,36498,9318,24,26,0,0,300,147,7,149,5,2623,2534
470,0,50,28,21,340,357,34,37,28,33640,9087,24,26,0,0,300,147,7,149,5,2631,2552
471,0,50,28,21,340,357,34,37,29,31528,9433,26,24,0,0,300,147,7,149,5,2646,2561
472,0,50,28,21,340,357,34,36,29,30983,9646,26,24,0,0,300,147,7,149,6,2657,2574
473,0,50,28,20,340,359,34,36,29,31732,9755,25,25,0,0,300,147,7,149,6,2669,2587
474,0,50,28,20,340,359,34,36,29,30840,10060,28,22,0,0,300,147,7,149,6,2676,2602
475,0,50,28,20,340,359,34,36,29,30562,9584,27,23,0,0,300,147,7,149,6,2688,2613
476,0,50,28,20,336,355,35,37,29,32124,9333,26,24,0,0,300,147,7,149,6,2700,2625
477,0,50,28,20,336,355,35,37,29,33578,9669,26,24,0,0,300,147,7,149,6,2711,2638
478,0,50,28,20,336,355,35,37,29,33714,9832,26,24,0,0,300,147,6,149,6,2722,2651
479,0,50,28,20,336,355,35,37,29,33894,9669,27,23,0,0,300,147,6,149,6,2732,2664
480,0,50,28,20,336,355,35,37,29,36032,9863,26,24,0,0,300,147,6,149,5,2745,2675
481,0,50,28,20,336,355,35,37,29,34514,10053,26,24,0,0,300,147,6,149,4,2754,2690
482,0,50,28,20,324,353,38,37,29,32806,9790,27,23,0,0,300,147,6,149,4,2768,2699
483,0,50,27,20,326,353,38,37,30,31859,9793,27,23,0,0,300,147,6,149,4,2776,2714
484,0,50,27,20,326,353,38,37,30,25788,11520,29,21,0,0,300,147,6,149,4,2784,2727
485,0,50,27,20,326,353,38,37,31,21579,12852,26,24,0,0,300,147,6,149,4,2800,2735
486,0,50,27,20,326,353,38,37,31,17479,14015,24,26,0,0,300,147,6,149,4,2817,2744
487,0,50,27,20,322,353,39,37,29,20443,13568,24,26,0,0,300,147,6,149,4,2829,2758
488,0,50,27,20,322,353,38,37,29,20777,14467,25,25,0,0,300,147,7,149,4,2840,2772
489,0,50,27,20,322,353,38,37,29,24358,14205,25,25,0,0,300,147,7,149,4,2852,2785
490,0,50,27,20,322,353,38,37,29,25095,13103,25,25,0,0,300,147,7,149,4,2862,2800
491,0,50,27,20,322,353,38,37,30,26202,11658,26,24,0,0,300,147,7,149,3,2872,2814
492,0,50,27,20,322,353,38,37,30,21485,13111,26,24,0,0,300,147,7,149,3,2888,2822
493,0,50,27,20,322,353,38,37,30,18105,13854,28,22,0,0,300,147,7,149,3,2898,2834
494,0,50,27,20,322,353,38,37,30,15045,15459,28,22,0,0,300,147,7,149,3,2908,2846
495,0,50,27,20,322,353,38,37,28,12702,17047,27,23,0,0,300,147,7,149,3,2924,2853
496,0,50,27,20,321,349,38,38,28,15106,16322,26,24,0,0,300,147,7,149,3,2939,2862
497,0,50,26,20,323,349,38,38,26,16455,15754,24,26,0,0,300,147,7,149,3,2951,2876
498,0,50,26,20,323,349,38,38,26,20084,15061,22,28,0,0,300,147,7,149,3,2964,2891
499,0,50,26,20,323,349,38,38,26,22472,14579,25,25,0,0,300,147,7,149,3,2975,2905
500,0,50,26,20,323,349,38,38,26,23394,13540,26,24,0,0,300,147,7,149,3,2987,2917
